id,last_name,first_name,email,gender,c1,c2,c3,c4,c5,c6,c7,c8,c9,c10,exam1,exam2,practice
L-65501,Sheed,Heywood,hsheed0@twitter.com,M,P,P,P,P,,P,P,P,P,P,9,9,9
L-65502,Cleft,Graham,gcleft1@bloomberg.com,M,P,P,P,P,,P,P,P,P,P,9,9,10
L-65503,Fochs,Hillier,hfochs2@eventbrite.com,M,P,P,P,P,P,P,P,P,P,,10,10,10
L-65504,Tankus,Kimball,ktankus3@blogger.com,M,P,P,P,P,P,P,P,P,P,,7,7,6
L-65505,Fellman,Maurie,mfellman4@tiny.cc,M,P,P,P,P,P,P,P,,P,P,3,5,10
L-65506,Timbrell,Had,htimbrell5@multiply.com,M,,P,P,P,P,P,P,P,P,P,7,5,8
L-65507,Hessenthaler,Darya,dhessenthaler6@baidu.com,F,P,P,P,,P,P,P,,,P,7,4,10
L-65508,Wallege,Christye,cwallege7@buzzfeed.com,F,P,P,P,P,P,P,P,P,P,P,7,4,9
L-65509,Giraldo,Torrie,tgiraldo8@51.la,F,P,P,P,P,P,P,P,,P,P,6,8,5
L-65510,Harrisson,Dorisa,dharrisson9@yahoo.com,F,P,P,P,,P,P,P,P,P,P,7,9,6
L-65511,Fiander,Rudd,rfiandera@tmall.com,M,P,P,P,P,P,P,P,P,P,P,8,7,5
L-65512,Saiz,Briant,bsaizb@usda.gov,M,P,P,P,P,P,P,P,P,P,,10,9,4
L-65513,Monks,Elsi,emonksc@opera.com,F,P,P,P,P,P,P,P,P,P,P,10,5,9
L-65514,Machen,Ranna,rmachend@timesonline.co.uk,F,P,P,P,P,P,P,P,P,P,P,9,6,5
L-65515,Bogace,Nobe,nbogacee@twitter.com,M,P,P,P,P,P,P,P,P,P,P,8,9,7
L-65516,Olyfat,Marlo,molyfatf@sitemeter.com,M,P,P,,,P,P,P,P,P,P,6,5,4
L-65517,Coldwell,Devlen,dcoldwellg@dagondesign.com,M,P,P,P,P,P,P,P,P,P,P,6,10,8
L-65518,Buddington,Tore,tbuddingtonh@ovh.net,M,,P,,P,P,P,P,P,P,P,10,10,7
L-65519,McFaul,Elyssa,emcfauli@adobe.com,F,P,P,P,P,P,P,P,P,P,P,10,6,9
L-65520,Gribbon,Lynett,lgribbonj@tuttocitta.it,F,P,,P,P,P,P,P,P,P,,9,4,9
L-65521,Lidster,Darrin,dlidsterk@studiopress.com,M,P,P,P,P,P,,P,P,P,P,5,7,7
L-65522,Serrels,Prentiss,pserrelsl@nps.gov,M,P,P,,P,P,P,P,P,P,,6,10,4
L-65523,Fern,Abigale,afernm@newsvine.com,F,P,P,P,,P,P,,P,P,P,8,4,7
L-65524,Reddecliffe,Garold,greddecliffen@irs.gov,M,P,P,P,P,P,P,P,P,,P,10,8,9
L-65525,Wentworth,Ermina,ewentwortho@imdb.com,F,P,P,P,P,P,P,P,P,,P,9,7,7
L-65526,Sore,Brantley,bsorep@de.vu,M,P,P,P,P,P,P,P,P,P,P,6,4,5
L-65527,Knapman,Lurlene,lknapmanq@163.com,F,P,P,P,P,P,P,P,P,P,P,8,7,4
L-65528,Senyard,Penny,psenyardr@cbsnews.com,M,P,,P,P,P,P,P,P,P,P,3,4,10
L-65529,Whatson,Brew,bwhatsons@wired.com,M,P,,P,,P,P,P,P,P,P,7,8,9
L-65530,Dury,Marinna,mduryt@mit.edu,F,P,P,P,P,P,P,P,,P,P,4,10,
